"actual_data","forecasted_data"
3,NA
1,NA
0,NA
1,NA
1,NA
0,NA
0,NA
3,NA
4,NA
1,NA
0,NA
1,NA
2,NA
2,NA
2,NA
2,NA
2,NA
1,NA
1,NA
1,NA
4,NA
2,NA
2,NA
1,NA
1,1.11929371952947
2,1.63904174203446
0,1.77639366290344
3,1.58068227911179
3,1.44234463971999
4,1.48370219126492
4,1.56488212183548
NA,1.57553609546933
NA,1.54093601867393
NA,1.52295561204152
NA,1.53268518760521
NA,1.54486209661678
NA,1.54478459520583
NA,1.53896905796596
NA,1.53683472712833
