"actual_data","forecasted_data"
3,NA
1,NA
0,NA
1,NA
1,NA
0,NA
0,NA
3,NA
4,NA
1,NA
0,NA
1,NA
2,NA
2,NA
2,NA
2,NA
2,NA
1,NA
1,NA
1,NA
4,NA
2,NA
2,NA
1,NA
1,1.11929371952948
2,1.63904174203451
0,1.77639366290349
3,1.5806822791118
3,1.44234463971998
4,1.48370219126493
4,1.56488212183551
NA,1.57553609546936
NA,1.54093601867394
NA,1.52295561204153
NA,1.53268518760523
NA,1.5448620966168
NA,1.54478459520585
NA,1.53896905796598
NA,1.53683472712834
